aX,aY,aZ
-0.456,-0.910,0.024
-0.463,-0.908,0.022
-0.462,-0.905,0.021
-0.463,-0.903,0.022
-0.460,-0.905,0.020
-0.457,-0.909,0.020
-0.460,-0.911,0.019
-0.460,-0.909,0.020
-0.458,-0.907,0.020
-0.465,-0.905,0.021
-0.464,-0.904,0.018
-0.463,-0.907,0.020
-0.465,-0.902,0.025
-0.458,-0.906,0.023
-0.465,-0.910,0.017
-0.455,-0.911,0.019
-0.451,-0.908,0.016
-0.458,-0.908,0.009
-0.455,-0.906,0.013
-0.440,-0.917,-0.023
-0.462,-0.899,0.047
-0.453,-0.912,0.007
-0.451,-0.903,0.017
-0.455,-0.908,0.012
-0.461,-0.902,0.018
-0.458,-0.904,0.018
-0.463,-0.904,0.020
-0.464,-0.907,0.015
-0.467,-0.935,-0.061
-0.471,-0.897,0.052
-0.462,-0.907,0.012
-0.464,-0.917,-0.019
-0.449,-0.899,0.044
-0.456,-0.908,0.013
-0.460,-0.912,0.012
-0.447,-0.915,-0.008
-0.458,-0.902,0.036
-0.454,-0.903,0.022
-0.455,-0.907,0.012
-0.448,-0.906,0.021
-0.453,-0.910,0.017
-0.460,-0.910,0.013
-0.461,-0.903,0.025
-0.460,-0.905,0.016
-0.462,-0.903,0.016
-0.461,-0.905,0.017
-0.457,-0.908,0.018
-0.457,-0.908,0.019
-0.463,-0.908,0.021
-0.459,-0.909,0.021
-0.460,-0.907,0.017
-0.459,-0.905,0.019
-0.457,-0.905,0.016
-0.463,-0.909,0.014
-0.460,-0.908,0.017
-0.460,-0.907,0.022
-0.458,-0.907,0.022
-0.455,-0.904,0.023
-0.461,-0.908,0.020
-0.463,-0.911,0.019
-0.461,-0.906,0.018
-0.458,-0.907,0.022
-0.461,-0.905,0.019
-0.460,-0.910,0.021
-0.456,-0.906,0.022
-0.457,-0.906,0.020
-0.457,-0.907,0.022
-0.457,-0.910,0.023
-0.460,-0.907,0.020
-0.458,-0.906,0.018
-0.459,-0.906,0.019
-0.459,-0.904,0.017
-0.460,-0.907,0.016
-0.458,-0.911,0.018
-0.459,-0.912,0.017
-0.456,-0.912,0.018
-0.457,-0.908,0.020
-0.462,-0.903,0.018
-0.463,-0.904,0.016
-0.463,-0.905,0.019
-0.457,-0.906,0.023
-0.461,-0.908,0.028
-0.461,-0.903,0.022
-0.459,-0.903,0.019
-0.458,-0.908,0.025
-0.457,-0.911,0.019
-0.455,-0.911,0.017
-0.459,-0.910,0.016
-0.459,-0.910,0.015
-0.453,-0.910,0.015
-0.452,-0.906,0.022
-0.454,-0.908,0.018
-0.456,-0.903,0.020
-0.460,-0.903,0.020
-0.459,-0.898,0.018
-0.464,-0.907,0.018
-0.461,-0.913,0.020
-0.461,-0.903,0.021
-0.465,-0.907,0.023
-0.467,-0.915,-0.004
-0.465,-0.908,0.019
-0.456,-0.909,0.017
-0.458,-0.904,0.022
-0.457,-0.908,0.022
-0.455,-0.909,0.019
-0.455,-0.909,0.018
-0.457,-0.907,0.020
-0.458,-0.908,0.018
-0.458,-0.907,0.019
-0.458,-0.908,0.020
-0.459,-0.907,0.021
-0.461,-0.908,0.017
-0.459,-0.908,0.020
-0.459,-0.908,0.017
-0.457,-0.906,0.019
-0.458,-0.907,0.017
-0.459,-0.912,0.017
-0.458,-0.904,0.016
-0.456,-0.908,0.019
-0.454,-0.907,0.017
-0.458,-0.906,0.018
-0.459,-0.907,0.020
-0.453,-0.908,0.019
-0.458,-0.905,0.019
-0.455,-0.907,0.020
-0.458,-0.906,0.020
-0.463,-0.908,0.022
-0.460,-0.908,0.019
-0.459,-0.906,0.018
-0.461,-0.939,-0.053
-0.459,-0.917,0.021
-0.448,-0.907,0.037
-0.466,-0.906,0.018
-0.464,-0.907,0.025
-0.464,-0.909,0.020
-0.452,-0.907,0.022
-0.462,-0.909,0.024
-0.453,-0.900,0.032
-0.460,-0.904,0.021
-0.460,-0.904,0.020
-0.454,-0.909,0.016
-0.455,-0.907,0.020
-0.460,-0.905,0.020
-0.460,-0.910,0.018
-0.471,-0.907,0.001
-0.459,-0.905,0.027
-0.458,-0.907,0.023
-0.455,-0.908,0.019
-0.457,-0.909,0.020
-0.458,-0.907,0.020
-0.458,-0.906,0.019
-0.458,-0.906,0.019
-0.457,-0.906,0.019
-0.456,-0.909,0.021
-0.459,-0.907,0.020
-0.461,-0.906,0.020
-0.452,-0.907,0.010
-0.455,-0.913,0.026
-0.457,-0.910,0.019
-0.458,-0.905,0.020
-0.458,-0.907,0.018
-0.455,-0.907,0.022
-0.459,-0.901,0.020
-0.457,-0.904,0.027
-0.458,-0.914,0.019
-0.460,-0.908,0.018
-0.463,-0.910,0.019
-0.459,-0.909,0.019
-0.453,-0.905,0.017
-0.451,-0.902,0.039
-0.453,-0.907,0.028
-0.461,-0.905,0.025
-0.464,-0.905,0.020
-0.461,-0.905,0.023
-0.457,-0.907,0.021
-0.459,-0.909,0.026
-0.459,-0.907,0.024
-0.458,-0.906,0.024
-0.459,-0.905,0.020
-0.457,-0.907,0.022
-0.459,-0.907,0.023
-0.460,-0.906,0.017
-0.456,-0.909,0.021
-0.461,-0.909,0.020
-0.458,-0.908,0.022
-0.459,-0.906,0.020
-0.460,-0.908,0.020
-0.458,-0.908,0.023
-0.458,-0.906,0.022
-0.459,-0.908,0.021
-0.459,-0.908,0.023
-0.459,-0.908,0.023
-0.458,-0.906,0.022
-0.461,-0.907,0.022
-0.461,-0.906,0.022
-0.459,-0.907,0.024
-0.456,-0.907,0.023
-0.459,-0.907,0.021
-0.457,-0.906,0.020
-0.459,-0.908,0.020
-0.458,-0.910,0.023
-0.452,-0.909,0.028
-0.499,-0.893,0.065
-0.469,-0.904,0.025
-0.467,-0.905,0.020
-0.460,-0.915,0.006
-0.455,-0.909,0.015
-0.460,-0.907,0.022
-0.460,-0.908,0.018
-0.454,-0.908,0.016
-0.455,-0.909,0.016
-0.457,-0.908,0.020
-0.453,-0.909,0.015
-0.458,-0.910,0.013
-0.461,-0.912,0.012
-0.463,-0.912,0.014
-0.462,-0.901,0.018
-0.457,-0.902,0.015
-0.453,-0.902,0.016
-0.455,-0.906,0.017
-0.458,-0.908,0.018
-0.458,-0.907,0.020
-0.460,-0.907,0.020
-0.462,-0.911,0.018
-0.457,-0.910,0.018
-0.457,-0.906,0.015
-0.459,-0.908,0.015
-0.460,-0.910,0.014
-0.460,-0.907,0.016
-0.457,-0.909,0.016
-0.457,-0.909,0.016
-0.460,-0.907,0.012
-0.456,-0.908,0.013
-0.456,-0.907,0.014
-0.461,-0.903,0.017
-0.462,-0.907,0.008
-0.461,-0.908,0.012
-0.455,-0.914,0.010
-0.459,-0.899,0.020
-0.452,-0.902,0.016
-0.460,-0.903,0.017
-0.459,-0.908,0.015
-0.457,-0.906,0.015
-0.459,-0.911,0.013
-0.459,-0.910,0.018
-0.460,-0.909,0.016
-0.458,-0.908,0.016
-0.457,-0.907,0.017
-0.456,-0.906,0.014
-0.455,-0.906,0.014
-0.455,-0.906,0.016
-0.459,-0.912,0.013
-0.448,-0.904,0.014
-0.456,-0.906,0.011
-0.457,-0.904,0.010
-0.455,-0.907,0.012
-0.454,-0.908,0.011
-0.459,-0.914,0.002
-0.455,-0.909,0.011
-0.456,-0.909,0.012
-0.455,-0.909,0.012
-0.456,-0.911,0.011
-0.458,-0.905,0.017
-0.457,-0.908,0.010
-0.455,-0.915,0.007
-0.455,-0.911,0.011
-0.453,-0.910,0.014
-0.457,-0.909,0.007
-0.460,-0.907,0.017
-0.457,-0.908,0.006
-0.457,-0.908,0.007
-0.455,-0.905,0.009
-0.456,-0.907,0.011
-0.471,-0.918,0.000
-0.462,-0.907,0.014
-0.456,-0.906,0.016
-0.459,-0.906,0.011
-0.458,-0.907,0.012
-0.455,-0.908,0.013
-0.458,-0.908,0.013
-0.460,-0.910,0.014
-0.458,-0.908,0.013
-0.454,-0.907,0.013
-0.455,-0.910,0.007
-0.458,-0.903,0.019
-0.459,-0.907,0.009
-0.455,-0.905,0.013
-0.458,-0.907,0.009
-0.456,-0.906,0.010
-0.460,-0.904,0.014
-0.461,-0.908,0.012
-0.455,-0.910,0.011
-0.455,-0.908,0.012
-0.458,-0.905,0.009
-0.457,-0.908,0.012
-0.457,-0.908,0.013
-0.460,-0.908,0.014
-0.459,-0.906,0.013
-0.459,-0.911,0.014
-0.460,-0.912,0.012
-0.456,-0.908,0.015
-0.457,-0.906,0.010
-0.455,-0.908,0.010
-0.453,-0.906,0.010
-0.457,-0.909,0.011
-0.458,-0.909,0.011
-0.455,-0.911,0.010
-0.453,-0.909,0.013
-0.458,-0.907,0.012
-0.456,-0.909,0.013
-0.457,-0.908,0.010
-0.456,-0.909,0.014
-0.459,-0.908,0.013
-0.455,-0.910,0.013
-0.457,-0.909,0.011
-0.460,-0.907,0.012
-0.455,-0.907,0.011
-0.454,-0.906,0.013
-0.455,-0.907,0.017
-0.458,-0.909,0.009
-0.459,-0.905,0.019
-0.463,-0.908,0.015
-0.458,-0.906,0.010
-0.456,-0.907,0.014
-0.455,-0.908,0.014
-0.457,-0.905,0.015
-0.459,-0.907,0.014
-0.459,-0.907,0.021
-0.457,-0.909,0.018
-0.457,-0.913,0.015
-0.457,-0.910,0.013
-0.460,-0.907,0.019
-0.462,-0.906,0.020
-0.468,-0.905,0.020
-0.462,-0.903,0.019
-0.459,-0.904,0.018
-0.457,-0.906,0.015
-0.459,-0.908,0.013
-0.460,-0.912,0.013
-0.455,-0.909,0.014
-0.451,-0.909,0.016
-0.453,-0.905,0.013
-0.457,-0.906,0.016
-0.450,-0.899,0.016
-0.456,-0.906,0.014
-0.463,-0.906,0.020
-0.462,-0.910,0.017
-0.462,-0.906,0.019
-0.461,-0.906,0.017
-0.460,-0.907,0.017
-0.459,-0.906,0.015
-0.461,-0.906,0.017
-0.460,-0.906,0.018
-0.457,-0.905,0.018
-0.458,-0.907,0.019
-0.458,-0.906,0.019
-0.466,-0.906,0.017
-0.460,-0.904,0.015
-0.453,-0.914,0.006
-0.441,-0.915,0.008
-0.447,-0.911,0.018
-0.457,-0.904,0.014
-0.465,-0.902,0.014
-0.462,-0.903,0.024
-0.460,-0.904,0.020
-0.457,-0.910,0.018
-0.460,-0.908,0.014
-0.458,-0.904,0.016
-0.461,-0.909,0.014
-0.458,-0.909,0.015
-0.458,-0.905,0.017
-0.458,-0.906,0.016
-0.459,-0.908,0.017
-0.457,-0.908,0.016
-0.461,-0.905,0.021
-0.461,-0.906,0.023
-0.458,-0.909,0.016
-0.456,-0.909,0.014
-0.456,-0.911,0.013
-0.456,-0.905,0.013
-0.459,-0.905,0.015
-0.458,-0.904,0.014
-0.461,-0.908,0.018
-0.461,-0.908,0.017
-0.461,-0.910,0.015
-0.457,-0.908,0.016
-0.456,-0.907,0.016
-0.459,-0.908,0.016
-0.458,-0.909,0.017
-0.456,-0.908,0.016
-0.458,-0.907,0.016
-0.458,-0.907,0.015
-0.458,-0.908,0.013
-0.458,-0.908,0.015
-0.457,-0.906,0.015
-0.456,-0.905,0.014
-0.458,-0.907,0.014
-0.456,-0.908,0.015
-0.459,-0.907,0.016
-0.457,-0.907,0.015
-0.457,-0.909,0.017
-0.458,-0.909,0.014
-0.460,-0.907,0.015
-0.457,-0.909,0.014
-0.457,-0.905,0.014
-0.457,-0.906,0.015
-0.457,-0.907,0.017
-0.459,-0.906,0.016
-0.461,-0.906,0.016
-0.458,-0.907,0.013
-0.458,-0.910,0.014
-0.459,-0.909,0.016
-0.459,-0.909,0.015
-0.457,-0.907,0.014
-0.455,-0.906,0.013
-0.457,-0.906,0.015
-0.458,-0.908,0.017
-0.459,-0.907,0.015
-0.459,-0.907,0.015
-0.458,-0.908,0.015
-0.459,-0.907,0.015
-0.459,-0.906,0.014
-0.457,-0.905,0.017
-0.460,-0.907,0.016
-0.460,-0.907,0.016
-0.460,-0.908,0.015
-0.462,-0.907,0.018
-0.459,-0.906,0.018
-0.456,-0.908,0.016
-0.455,-0.907,0.019
-0.456,-0.906,0.019
-0.461,-0.909,0.017
-0.461,-0.910,0.015
-0.462,-0.910,0.011
-0.453,-0.905,0.013
-0.454,-0.905,0.015
-0.459,-0.907,0.010
-0.457,-0.905,0.008
-0.454,-0.905,0.013
-0.456,-0.908,0.013
-0.462,-0.908,0.018
-0.465,-0.905,0.018
-0.461,-0.906,0.019
-0.457,-0.908,0.018
-0.459,-0.906,0.016
-0.459,-0.909,0.015
-0.455,-0.907,0.017
-0.456,-0.908,0.016
-0.462,-0.911,0.014
-0.461,-0.907,0.013
-0.457,-0.902,0.017
-0.458,-0.903,0.010
-0.459,-0.909,0.006
-0.457,-0.907,0.012
-0.455,-0.904,0.013
-0.456,-0.906,0.014
-0.459,-0.909,0.015
-0.462,-0.909,0.019
-0.461,-0.908,0.016
-0.460,-0.909,0.014
-0.455,-0.909,0.012
-0.456,-0.907,0.012
-0.456,-0.909,0.014
-0.456,-0.906,0.015
-0.460,-0.907,0.018
-0.463,-0.906,0.015
-0.457,-0.905,0.013
-0.455,-0.907,0.011
-0.457,-0.907,0.013
-0.459,-0.907,0.010
-0.457,-0.908,0.015
-0.456,-0.906,0.015
-0.455,-0.908,0.012
-0.454,-0.908,0.013
-0.457,-0.908,0.017
-0.463,-0.908,0.019
-0.467,-0.910,0.017
-0.461,-0.909,0.015
-0.453,-0.904,0.017
-0.460,-0.909,0.010
-0.462,-0.908,0.011
-0.457,-0.907,0.013
-0.455,-0.904,0.014
-0.458,-0.906,0.015
-0.459,-0.905,0.016
-0.465,-0.908,0.008
-0.455,-0.908,0.011
-0.460,-0.909,0.011
-0.450,-0.904,0.015
-0.457,-0.909,0.012
-0.454,-0.908,0.018
-0.455,-0.911,0.015
-0.461,-0.913,0.007
-0.461,-0.909,0.011
-0.458,-0.908,0.015
-0.457,-0.909,0.017
-0.460,-0.909,0.013
-0.454,-0.907,0.012
-0.454,-0.904,0.014
-0.456,-0.909,0.013
-0.455,-0.907,0.011
-0.455,-0.910,0.008
-0.455,-0.909,0.009
-0.452,-0.911,0.006
-0.451,-0.910,0.013
-0.453,-0.908,0.015
-0.455,-0.905,0.016
-0.460,-0.910,0.017
-0.458,-0.908,0.017
-0.457,-0.909,0.019
-0.459,-0.907,0.024
-0.467,-0.907,0.019
-0.471,-0.897,0.019
-0.467,-0.897,0.016
-0.459,-0.909,0.016
-0.455,-0.907,0.015
-0.453,-0.904,0.015
-0.452,-0.904,0.017
-0.452,-0.910,0.020
-0.459,-0.902,0.021
-0.460,-0.914,0.011
-0.464,-0.912,0.012
-0.460,-0.910,0.010
-0.452,-0.905,0.012
-0.458,-0.905,0.015
-0.457,-0.904,0.014
-0.462,-0.907,0.020
-0.464,-0.906,0.018
-0.462,-0.908,0.019
-0.455,-0.910,0.014
-0.450,-0.909,0.012
-0.452,-0.910,0.007
-0.452,-0.911,0.004
-0.450,-0.912,0.006
-0.449,-0.909,0.011
-0.462,-0.908,0.013
-0.463,-0.907,0.014
-0.467,-0.899,0.018
-0.455,-0.914,0.010
-0.451,-0.904,0.006
-0.448,-0.911,0.011
-0.454,-0.915,0.017
-0.459,-0.906,0.014
-0.461,-0.906,0.013
-0.455,-0.915,0.013
-0.442,-0.903,0.014
-0.468,-0.917,0.014
-0.453,-0.903,0.008
-0.461,-0.905,0.005
-0.441,-0.903,0.012
-0.452,-0.906,0.007
-0.453,-0.885,0.016
-0.464,-0.925,0.006
-0.459,-0.918,0.012
-0.480,-0.934,0.004
-0.463,-0.906,0.005
-0.457,-0.898,0.010
-0.461,-0.901,0.012
-0.459,-0.902,0.011
-0.463,-0.889,0.003
-0.446,-0.904,0.015
-0.467,-0.943,0.000
-0.457,-0.899,0.021
-0.465,-0.905,0.014
-0.468,-0.901,0.013
-0.462,-0.897,0.015
-0.461,-0.901,0.003
-0.469,-0.908,0.006
-0.460,-0.907,0.013
-0.459,-0.907,0.017
-0.458,-0.908,0.018
-0.463,-0.908,0.014
-0.458,-0.904,0.010
-0.457,-0.907,0.012
-0.460,-0.911,0.013
-0.468,-0.900,0.024
-0.463,-0.902,0.006
-0.468,-0.900,0.016
-0.467,-0.901,0.017
-0.465,-0.907,0.017
-0.463,-0.906,0.021
-0.458,-0.911,0.020
-0.453,-0.903,0.017
-0.463,-0.907,0.017
-0.460,-0.904,0.018
-0.461,-0.905,0.011
-0.462,-0.903,0.017
-0.471,-0.905,0.015
-0.461,-0.905,0.022
-0.458,-0.903,0.016
-0.457,-0.911,0.013
-0.458,-0.902,0.020
-0.466,-0.908,0.030
-0.465,-0.897,0.007
-0.462,-0.895,0.014
-0.467,-0.904,0.009
-0.471,-0.907,0.022
-0.457,-0.908,0.019
-0.455,-0.906,0.014
-0.462,-0.902,0.018
-0.458,-0.903,0.024
-0.462,-0.907,0.030
-0.466,-0.906,0.018
-0.455,-0.908,0.015
-0.470,-0.918,-0.006
-0.469,-0.936,-0.035
-0.461,-0.920,-0.017
-0.456,-0.907,0.010
-0.459,-0.893,0.035
-0.459,-0.903,0.023
-0.463,-0.912,-0.010
-0.458,-0.922,-0.016
-0.456,-0.911,0.021
-0.459,-0.914,0.000
-0.454,-0.920,-0.022
-0.467,-0.873,0.050
-0.464,-0.905,0.015
-0.454,-0.913,0.028
-0.449,-0.917,0.021
-0.458,-0.918,0.024
-0.462,-0.910,0.025
-0.460,-0.909,0.027
-0.447,-0.909,0.024
-0.435,-0.909,0.019
-0.446,-0.907,0.020
-0.474,-0.905,0.028
-0.467,-0.909,0.012
-0.470,-0.907,0.027
-0.449,-0.912,0.018
-0.452,-0.906,0.026
-0.451,-0.913,0.009
-0.451,-0.904,0.024
-0.452,-0.909,0.034
-0.452,-0.907,0.026
-0.457,-0.915,0.024
-0.461,-0.917,0.032
-0.461,-0.915,0.027
-0.462,-0.905,0.026
-0.457,-0.899,0.037
-0.457,-0.908,0.021
-0.440,-0.925,-0.007
-0.466,-0.914,0.000
-0.454,-0.901,0.019
-0.489,-0.881,0.007
-0.464,-0.904,0.034
-0.458,-0.904,0.031
-0.461,-0.905,0.033
-0.457,-0.908,0.023
-0.458,-0.907,0.020
-0.453,-0.909,0.017
-0.458,-0.910,0.021
-0.456,-0.908,0.021
-0.454,-0.905,0.026
-0.463,-0.906,0.018
-0.459,-0.904,0.025
-0.468,-0.911,0.020
-0.457,-0.907,0.019
-0.460,-0.910,0.026
-0.454,-0.905,0.016
-0.459,-0.900,0.026
-0.462,-0.904,0.025
-0.463,-0.910,0.012
-0.461,-0.911,0.020
-0.464,-0.905,0.021
-0.438,-0.926,0.022
-0.462,-0.900,0.029
-0.463,-0.908,0.022
-0.456,-0.903,0.034
-0.465,-0.913,0.016
-0.457,-0.912,0.031
-0.450,-0.911,0.022
-0.458,-0.908,0.044
-0.459,-0.905,0.034
-0.450,-0.905,0.026
-0.456,-0.904,0.012
-0.463,-0.901,0.012
-0.465,-0.905,0.020
-0.457,-0.911,0.018
-0.466,-0.901,0.020
-0.451,-0.903,0.015
-0.458,-0.912,0.021
-0.463,-0.909,0.013
-0.462,-0.909,0.012
-0.455,-0.909,0.017
-0.459,-0.907,0.018
-0.457,-0.912,0.020
-0.460,-0.910,0.025
-0.457,-0.912,0.020
-0.456,-0.910,0.020
-0.460,-0.910,0.018
-0.459,-0.910,0.017
-0.458,-0.902,0.017
-0.452,-0.906,0.018
-0.457,-0.905,0.017
-0.459,-0.908,0.019
-0.453,-0.919,0.026
-0.445,-0.921,0.012
-0.457,-0.906,0.030
-0.469,-0.902,0.021
-0.462,-0.900,0.019
-0.451,-0.908,0.022
-0.460,-0.915,0.018
-0.467,-0.913,0.021
-0.482,-0.911,0.023
-0.528,-0.847,0.008
-0.505,-0.885,-0.019
-0.403,-0.813,0.059
-0.465,-0.876,-0.023
-0.509,-0.926,0.010
-0.448,-0.875,0.034
-0.421,-0.870,0.021
-0.432,-0.848,0.049
-0.516,-0.944,-0.013
-0.467,-0.876,0.030
-0.464,-0.886,0.027
-0.489,-0.873,0.084
-0.519,-0.918,0.083
-0.500,-0.890,0.072
-0.490,-0.906,0.065
-0.472,-0.858,0.124
-0.536,-0.893,0.119
-0.468,-0.896,0.074
-0.488,-0.901,0.069
-0.482,-0.895,0.070
-0.490,-0.895,0.077
-0.500,-0.890,0.080
-0.487,-0.890,0.080
-0.743,-0.777,0.110
-0.472,-0.888,-0.080
-0.416,-0.901,0.101
-0.594,-0.856,0.032
-0.472,-0.886,0.071
-0.521,-0.874,0.078
-0.503,-0.900,0.054
-0.488,-0.890,0.076
-0.523,-0.894,0.069
-0.513,-0.870,0.069
-0.510,-0.885,0.080
-0.514,-0.905,0.080
-0.511,-0.889,0.074
-0.495,-0.860,0.057
-0.495,-0.829,0.045
-0.510,-0.863,0.040
-0.513,-0.868,0.042
-0.515,-0.865,0.052
-0.448,-0.836,0.108
-0.520,-0.876,0.048
-0.508,-0.872,0.042
-0.531,-0.877,0.044
-0.515,-0.889,0.045
-0.519,-0.882,0.046
-0.507,-0.882,0.032
-0.493,-0.887,0.052
-0.504,-0.874,0.115
-0.531,-0.885,0.000
-0.483,-0.873,0.067
-0.522,-0.884,0.025
-0.505,-0.890,0.035
-0.491,-0.894,0.049
-0.506,-0.893,0.033
-0.542,-0.879,0.033
-0.519,-0.874,0.038
-0.509,-0.871,0.037
-0.522,-0.872,0.042
-0.520,-0.877,0.040
-0.515,-0.870,0.042
-0.518,-0.873,0.039
-0.516,-0.873,0.036
-0.518,-0.878,0.035
-0.507,-0.871,0.034
-0.508,-0.872,0.029
-0.506,-0.875,0.028
-0.505,-0.872,0.031
-0.507,-0.874,0.038
-0.506,-0.874,0.038
-0.510,-0.877,0.037
-0.516,-0.878,0.038
-0.518,-0.878,0.037
-0.514,-0.879,0.037
-0.515,-0.879,0.040
-0.512,-0.882,0.040
-0.514,-0.881,0.039
-0.524,-0.858,0.114
-0.562,-0.893,0.004
-0.488,-0.870,0.049
-0.516,-0.876,0.036
-0.506,-0.881,0.042
-0.515,-0.879,0.037
-0.517,-0.878,0.036
-0.510,-0.883,0.033
-0.512,-0.879,0.034
-0.511,-0.881,0.033
-0.508,-0.879,0.037
-0.508,-0.880,0.033
-0.509,-0.879,0.032
-0.511,-0.879,0.032
-0.509,-0.878,0.032
-0.506,-0.878,0.034
-0.506,-0.878,0.037
-0.507,-0.882,0.036
-0.508,-0.881,0.034
-0.513,-0.876,0.035
-0.511,-0.880,0.034
-0.511,-0.880,0.035
-0.509,-0.877,0.034
-0.512,-0.877,0.035
-0.513,-0.876,0.038
-0.531,-0.884,0.049
-0.517,-0.877,0.049
-0.510,-0.876,0.041
-0.508,-0.878,0.037
-0.516,-0.880,0.039
-0.516,-0.881,0.037
-0.515,-0.877,0.036
-0.510,-0.877,0.038
-0.511,-0.883,0.036
-0.509,-0.883,0.036
-0.509,-0.882,0.035
-0.510,-0.876,0.035
-0.513,-0.876,0.035
-0.513,-0.876,0.038
-0.516,-0.877,0.037
-0.515,-0.878,0.037
-0.512,-0.874,0.039
-0.513,-0.878,0.040
-0.517,-0.879,0.041
-0.516,-0.879,0.040
-0.513,-0.883,0.038
-0.513,-0.880,0.041
-0.541,-0.897,0.038
-0.574,-0.933,0.053
-0.573,-0.913,0.061
-0.582,-0.892,0.089
-0.498,-0.811,0.093
-0.526,-0.747,0.104
-0.556,-0.630,0.177
-0.543,-0.683,0.197
-0.520,-0.733,0.160
-0.535,-0.832,0.047
-0.659,-0.789,0.060
-0.659,-0.733,0.092
-0.661,-0.685,0.145
-0.632,-0.780,0.098
-0.597,-0.804,0.062
-0.605,-0.828,0.052
-0.636,-0.796,0.053
-0.619,-0.788,0.033
-0.615,-0.936,-0.081
-0.941,-0.711,0.152
-1.126,-0.738,0.128
-0.757,-0.568,-0.169
-0.821,-0.805,-0.095
-0.752,-0.814,-0.064
-0.704,-0.663,-0.041
-0.785,-0.642,-0.050
-0.702,-0.671,-0.059
-0.787,-0.604,-0.072
-0.729,-0.642,-0.060
-0.742,-0.652,-0.052
-0.734,-0.687,-0.065
-0.761,-0.697,-0.023
-0.762,-0.691,-0.034
-0.772,-0.694,-0.040
-0.766,-0.687,-0.048
-0.775,-0.646,-0.077
-0.683,-0.709,-0.331
-0.758,-0.656,0.005
-0.756,-0.694,-0.135
-0.753,-0.679,-0.086
-0.762,-0.678,-0.076
-0.748,-0.674,-0.077
-0.745,-0.677,-0.084
-0.745,-0.672,-0.078
-0.745,-0.676,-0.066
-0.747,-0.681,-0.070
-0.754,-0.680,-0.066
-0.751,-0.679,-0.054
-0.751,-0.675,-0.062
-0.647,-0.678,0.028
-0.744,-0.682,-0.030
-0.758,-0.683,-0.058
-0.704,-0.673,-0.026
-0.759,-0.695,-0.063
-0.767,-0.674,-0.045
-0.755,-0.681,-0.052
-0.746,-0.679,-0.058
-0.745,-0.680,-0.061
-0.743,-0.685,-0.062
-0.742,-0.686,-0.066
-0.739,-0.684,-0.067
-0.740,-0.686,-0.064
-0.740,-0.682,-0.061
-0.743,-0.682,-0.061
-0.744,-0.682,-0.059
-0.747,-0.684,-0.060
-0.744,-0.683,-0.058
-0.748,-0.686,-0.058
-0.751,-0.683,-0.057
-0.748,-0.683,-0.056
-0.752,-0.682,-0.055
-0.749,-0.683,-0.051
-0.750,-0.684,-0.053
-0.751,-0.681,-0.052
-0.749,-0.683,-0.052
-0.750,-0.685,-0.055
-0.746,-0.684,-0.059
-0.745,-0.682,-0.063
-0.742,-0.683,-0.065
-0.740,-0.684,-0.064
-0.743,-0.686,-0.062
-0.744,-0.686,-0.061
-0.749,-0.683,-0.060
-0.749,-0.683,-0.061
-0.750,-0.681,-0.061
-0.749,-0.680,-0.059
-0.747,-0.680,-0.057
-0.748,-0.679,-0.061
-0.748,-0.682,-0.058
-0.753,-0.684,-0.057
-0.756,-0.680,-0.054
-0.753,-0.675,-0.056
-0.704,-0.662,-0.013
-0.756,-0.674,-0.139
-0.779,-0.651,0.004
-0.745,-0.673,-0.051
-0.712,-0.702,-0.084
-0.782,-0.667,-0.032
-0.738,-0.680,-0.049
-0.745,-0.685,-0.055
-0.743,-0.686,-0.054
-0.743,-0.682,-0.056
-0.745,-0.682,-0.055
-0.743,-0.684,-0.059
-0.748,-0.683,-0.056
-0.750,-0.682,-0.056
-0.752,-0.682,-0.058
-0.747,-0.681,-0.056
-0.748,-0.680,-0.056
-0.753,-0.680,-0.056
-0.752,-0.679,-0.053
-0.750,-0.679,-0.051
-0.744,-0.682,-0.052
-0.747,-0.683,-0.054
-0.745,-0.688,-0.055
-0.746,-0.687,-0.058
-0.742,-0.683,-0.058
-0.744,-0.683,-0.061
-0.742,-0.685,-0.059
-0.747,-0.685,-0.061
-0.743,-0.686,-0.058
-0.743,-0.682,-0.061
-0.747,-0.685,-0.058
-0.747,-0.687,-0.059
-0.747,-0.685,-0.060
-0.746,-0.684,-0.059
-0.745,-0.685,-0.060
-0.745,-0.685,-0.059
-0.742,-0.685,-0.062
-0.742,-0.687,-0.059
-0.747,-0.684,-0.058
-0.746,-0.684,-0.058
-0.746,-0.687,-0.060
-0.745,-0.686,-0.061
-0.748,-0.685,-0.059
-0.745,-0.682,-0.058
-0.743,-0.684,-0.059
-0.743,-0.682,-0.060
-0.744,-0.683,-0.059
-0.742,-0.685,-0.059
-0.742,-0.687,-0.061
-0.745,-0.683,-0.063
-0.749,-0.683,-0.061
-0.744,-0.684,-0.061
-0.743,-0.683,-0.062
-0.743,-0.682,-0.059
-0.747,-0.685,-0.059
-0.746,-0.683,-0.059
-0.745,-0.683,-0.060
-0.744,-0.685,-0.060
-0.746,-0.686,-0.060
-0.746,-0.685,-0.058
-0.745,-0.685,-0.061
-0.745,-0.682,-0.059
-0.746,-0.683,-0.060
-0.745,-0.684,-0.060
-0.744,-0.684,-0.059
-0.745,-0.686,-0.060
-0.745,-0.685,-0.061
-0.747,-0.683,-0.061
-0.743,-0.685,-0.057
-0.746,-0.684,-0.058
-0.745,-0.683,-0.057
-0.747,-0.684,-0.055
-0.742,-0.683,-0.056
-0.743,-0.685,-0.059
-0.747,-0.685,-0.059
-0.747,-0.685,-0.058
-0.747,-0.686,-0.060
-0.743,-0.684,-0.061
-0.741,-0.684,-0.061
-0.746,-0.685,-0.060
-0.746,-0.686,-0.061
-0.744,-0.686,-0.061
-0.740,-0.684,-0.062
-0.744,-0.686,-0.059
-0.746,-0.686,-0.059
-0.747,-0.685,-0.058
-0.747,-0.683,-0.058
-0.748,-0.681,-0.057
-0.749,-0.685,-0.055
-0.750,-0.683,-0.055
-0.746,-0.684,-0.057
-0.743,-0.684,-0.058
-0.741,-0.685,-0.062
-0.740,-0.688,-0.065
-0.743,-0.685,-0.062
-0.744,-0.683,-0.061
-0.741,-0.684,-0.062
-0.746,-0.682,-0.060
-0.746,-0.684,-0.059
-0.748,-0.682,-0.058
-0.745,-0.682,-0.058
-0.747,-0.684,-0.057
-0.746,-0.687,-0.059
-0.746,-0.684,-0.059
-0.743,-0.685,-0.060
-0.741,-0.684,-0.061
-0.744,-0.684,-0.060
-0.744,-0.685,-0.059
-0.749,-0.684,-0.059
-0.748,-0.681,-0.059
-0.744,-0.682,-0.058
-0.746,-0.684,-0.058
-0.745,-0.683,-0.060
-0.743,-0.683,-0.061
-0.742,-0.686,-0.061
-0.744,-0.685,-0.061
-0.746,-0.683,-0.059
-0.747,-0.683,-0.061
-0.750,-0.685,-0.060
-0.750,-0.684,-0.061
-0.747,-0.684,-0.058
-0.743,-0.681,-0.059
-0.745,-0.685,-0.055
-0.747,-0.682,-0.056
-0.747,-0.681,-0.056
-0.742,-0.686,-0.061
-0.742,-0.686,-0.063
-0.744,-0.685,-0.064
-0.743,-0.684,-0.062
-0.745,-0.683,-0.059
-0.747,-0.685,-0.061
-0.746,-0.684,-0.057
-0.743,-0.682,-0.057
-0.745,-0.681,-0.053
-0.746,-0.684,-0.060
-0.752,-0.686,-0.058
-0.751,-0.687,-0.060
-0.742,-0.682,-0.059
-0.746,-0.685,-0.059
-0.746,-0.685,-0.058
-0.747,-0.682,-0.058
-0.743,-0.681,-0.058
-0.742,-0.682,-0.058
-0.745,-0.684,-0.058
-0.749,-0.684,-0.058
-0.750,-0.683,-0.059
-0.746,-0.682,-0.055
-0.744,-0.682,-0.054
-0.743,-0.684,-0.054
-0.744,-0.685,-0.055
-0.744,-0.684,-0.056
-0.745,-0.684,-0.058
-0.746,-0.687,-0.057
-0.743,-0.686,-0.059
-0.739,-0.684,-0.056
-0.745,-0.684,-0.059
-0.744,-0.685,-0.058
-0.742,-0.687,-0.058
-0.748,-0.686,-0.062
-0.748,-0.678,-0.064
-0.748,-0.675,-0.061
-0.745,-0.685,-0.061
-0.746,-0.685,-0.055
-0.748,-0.683,-0.055
-0.749,-0.680,-0.054
-0.752,-0.686,-0.058
-0.747,-0.682,-0.057
-0.744,-0.683,-0.059
-0.741,-0.684,-0.061
-0.742,-0.687,-0.064
-0.742,-0.686,-0.065
-0.748,-0.683,-0.065
-0.748,-0.685,-0.062
-0.748,-0.691,-0.058
-0.738,-0.671,-0.048
-0.753,-0.672,-0.061
-0.752,-0.675,-0.064
-0.745,-0.693,-0.059
-0.743,-0.692,-0.061
-0.742,-0.686,-0.058
-0.745,-0.677,-0.060
-0.746,-0.683,-0.057
-0.747,-0.685,-0.059
-0.748,-0.686,-0.063
-0.745,-0.683,-0.061
-0.744,-0.683,-0.060
-0.747,-0.683,-0.057
-0.746,-0.681,-0.055
-0.747,-0.681,-0.056
-0.747,-0.681,-0.055
-0.749,-0.680,-0.056
-0.747,-0.683,-0.056
-0.743,-0.685,-0.055
-0.746,-0.681,-0.056
-0.747,-0.682,-0.058
-0.747,-0.681,-0.059
-0.746,-0.682,-0.059
-0.747,-0.686,-0.057
-0.745,-0.681,-0.055
-0.751,-0.680,-0.060
-0.750,-0.683,-0.060
-0.748,-0.682,-0.056
-0.746,-0.681,-0.057
-0.746,-0.681,-0.051
-0.749,-0.681,-0.050
-0.748,-0.683,-0.050
-0.745,-0.686,-0.049
-0.745,-0.686,-0.055
-0.746,-0.685,-0.061
-0.746,-0.687,-0.061
-0.742,-0.684,-0.060
-0.743,-0.681,-0.060
-0.745,-0.683,-0.058
-0.745,-0.680,-0.055
-0.748,-0.681,-0.053
-0.749,-0.681,-0.055
-0.748,-0.681,-0.057
-0.741,-0.684,-0.056
-0.741,-0.684,-0.058
-0.746,-0.684,-0.058
-0.751,-0.683,-0.060
-0.749,-0.684,-0.059
-0.747,-0.683,-0.056
-0.747,-0.682,-0.058
-0.749,-0.683,-0.057
-0.746,-0.681,-0.059
-0.743,-0.682,-0.062
-0.743,-0.684,-0.061
-0.744,-0.685,-0.059
-0.745,-0.686,-0.058
-0.748,-0.684,-0.057
-0.745,-0.683,-0.053
-0.747,-0.683,-0.056
-0.745,-0.685,-0.059
-0.744,-0.684,-0.061
-0.741,-0.684,-0.062
-0.746,-0.685,-0.058
-0.750,-0.683,-0.057
-0.750,-0.683,-0.059
-0.749,-0.684,-0.060
-0.743,-0.686,-0.061
-0.744,-0.687,-0.061
-0.742,-0.684,-0.062
-0.742,-0.682,-0.061
-0.743,-0.683,-0.059
-0.742,-0.684,-0.060
-0.750,-0.684,-0.057
-0.749,-0.683,-0.059
-0.749,-0.682,-0.058
-0.748,-0.683,-0.058
-0.746,-0.683,-0.057
-0.746,-0.682,-0.059
-0.746,-0.684,-0.058
-0.745,-0.685,-0.056
-0.745,-0.685,-0.056
-0.746,-0.683,-0.057
-0.747,-0.685,-0.059
-0.746,-0.687,-0.058
-0.743,-0.684,-0.058
-0.747,-0.687,-0.059
-0.745,-0.682,-0.057
-0.743,-0.686,-0.059
-0.743,-0.688,-0.060
-0.739,-0.687,-0.059
-0.747,-0.684,-0.059
-0.750,-0.682,-0.058
-0.749,-0.682,-0.060
-0.745,-0.686,-0.059
-0.743,-0.685,-0.058
-0.746,-0.683,-0.058
-0.746,-0.683,-0.058
-0.745,-0.684,-0.061
-0.746,-0.686,-0.060
-0.745,-0.686,-0.059
-0.746,-0.684,-0.059
-0.874,-0.685,-0.059
-0.748,-0.684,-0.057
-0.745,-0.681,-0.057
-0.745,-0.682,-0.053
-0.748,-0.685,-0.052
-0.746,-0.684,-0.052
-0.745,-0.685,-0.054
-0.739,-0.686,-0.056
-0.745,-0.687,-0.064
-0.750,-0.688,-0.066
-0.746,-0.687,-0.063
-0.740,-0.683,-0.060
-0.740,-0.683,-0.059
-0.747,-0.680,-0.056
-0.751,-0.684,-0.052
-0.749,-0.682,-0.054
-0.750,-0.683,-0.054
-0.744,-0.681,-0.057
-0.744,-0.683,-0.056
-0.744,-0.687,-0.058
-0.745,-0.687,-0.060
-0.744,-0.687,-0.060
-0.745,-0.682,-0.057
-0.742,-0.681,-0.057
-0.743,-0.681,-0.062
-0.744,-0.684,-0.057
-0.747,-0.684,-0.058
-0.747,-0.687,-0.058
-0.744,-0.686,-0.057
-0.746,-0.687,-0.058
-0.744,-0.687,-0.058
-0.744,-0.683,-0.059
-0.744,-0.683,-0.060
-0.744,-0.686,-0.061
-0.746,-0.687,-0.062
-0.746,-0.685,-0.059
-0.747,-0.684,-0.057
-0.743,-0.682,-0.060
-0.749,-0.683,-0.056
-0.749,-0.683,-0.054
-0.748,-0.683,-0.057
-0.747,-0.684,-0.058
-0.745,-0.686,-0.057
-0.743,-0.685,-0.060
-0.745,-0.685,-0.060
-0.744,-0.685,-0.061
-0.744,-0.685,-0.060
-0.742,-0.684,-0.060
-0.741,-0.684,-0.061
-0.745,-0.684,-0.059
-0.744,-0.683,-0.061
-0.744,-0.681,-0.060
-0.746,-0.684,-0.060
-0.744,-0.685,-0.060
-0.746,-0.685,-0.057
-0.746,-0.687,-0.059
-0.746,-0.685,-0.059
-0.742,-0.686,-0.057
-0.743,-0.688,-0.058
-0.745,-0.683,-0.056
-0.745,-0.684,-0.056
-0.745,-0.680,-0.059
-0.745,-0.685,-0.059
-0.745,-0.687,-0.059
-0.745,-0.684,-0.059
-0.744,-0.682,-0.061
-0.747,-0.682,-0.060
-0.747,-0.684,-0.059
-0.745,-0.683,-0.057
-0.743,-0.684,-0.059
-0.744,-0.684,-0.054
-0.747,-0.685,-0.055
-0.746,-0.687,-0.058
-0.743,-0.686,-0.057
-0.742,-0.688,-0.057
-0.742,-0.686,-0.055
-0.745,-0.686,-0.056
-0.746,-0.687,-0.060
-0.743,-0.683,-0.064
-0.743,-0.682,-0.063
-0.745,-0.687,-0.063
-0.739,-0.684,-0.053
-0.746,-0.683,-0.057
-0.748,-0.680,-0.054
-0.744,-0.684,-0.052
-0.749,-0.687,-0.053
-0.746,-0.686,-0.056
-0.744,-0.683,-0.052
-0.746,-0.683,-0.052
-0.747,-0.686,-0.054
-0.745,-0.682,-0.053
-0.745,-0.681,-0.055
-0.745,-0.684,-0.056
-0.747,-0.681,-0.051
-0.750,-0.681,-0.053
-0.751,-0.679,-0.054
-0.750,-0.685,-0.055
-0.745,-0.685,-0.053
-0.742,-0.685,-0.053
-0.743,-0.683,-0.056
-0.743,-0.681,-0.056
-0.742,-0.685,-0.056
-0.744,-0.692,-0.054
-0.746,-0.690,-0.055
-0.745,-0.692,-0.058
-0.741,-0.686,-0.055
-0.741,-0.683,-0.054
-0.743,-0.685,-0.055
-0.747,-0.685,-0.052
-0.746,-0.683,-0.054
-0.747,-0.680,-0.055
-0.750,-0.682,-0.055
-0.748,-0.686,-0.058
-0.746,-0.686,-0.057
-0.744,-0.686,-0.056
-0.740,-0.685,-0.057
-0.745,-0.688,-0.056
-0.747,-0.687,-0.056
-0.742,-0.686,-0.057
-0.745,-0.687,-0.056
-0.741,-0.687,-0.057
-0.744,-0.685,-0.059
-0.745,-0.683,-0.057
-0.745,-0.682,-0.057
-0.744,-0.683,-0.058
-0.743,-0.684,-0.055
-0.745,-0.685,-0.058
-0.745,-0.685,-0.059
-0.744,-0.683,-0.059
-0.745,-0.688,-0.055
-0.745,-0.686,-0.057
-0.744,-0.686,-0.057
-0.742,-0.684,-0.060
-0.743,-0.686,-0.057
-0.744,-0.683,-0.059
-0.744,-0.684,-0.058
-0.746,-0.685,-0.058
-0.747,-0.684,-0.058
-0.744,-0.686,-0.058
-0.744,-0.684,-0.056
-0.744,-0.683,-0.060
-0.745,-0.687,-0.058
-0.746,-0.684,-0.060
-0.745,-0.685,-0.060
-0.745,-0.683,-0.060
-0.745,-0.685,-0.059
-0.745,-0.684,-0.053
-0.746,-0.685,-0.055
-0.747,-0.687,-0.057
-0.750,-0.688,-0.059
-0.748,-0.688,-0.058
-0.742,-0.688,-0.056
-0.743,-0.685,-0.058
-0.745,-0.683,-0.057
-0.744,-0.686,-0.060
-0.742,-0.682,-0.061
-0.745,-0.684,-0.059
-0.744,-0.683,-0.061
-0.746,-0.682,-0.058
-0.745,-0.684,-0.057
-0.748,-0.685,-0.059
-0.746,-0.687,-0.055
-0.746,-0.685,-0.055
-0.743,-0.684,-0.056
-0.742,-0.685,-0.056
-0.742,-0.687,-0.053
-0.741,-0.685,-0.055
-0.743,-0.685,-0.056
-0.744,-0.685,-0.057
-0.744,-0.687,-0.057
-0.742,-0.685,-0.056
-0.744,-0.683,-0.062
-0.744,-0.684,-0.061
-0.745,-0.690,-0.061
-0.743,-0.686,-0.059
-0.745,-0.684,-0.059
-0.746,-0.680,-0.059
-0.747,-0.683,-0.058
-0.746,-0.685,-0.057
-0.744,-0.685,-0.056
-0.747,-0.680,-0.055
-0.747,-0.684,-0.057
-0.745,-0.686,-0.057
-0.743,-0.685,-0.059
-0.747,-0.681,-0.063
-0.743,-0.684,-0.063
-0.741,-0.690,-0.067
-0.740,-0.690,-0.063
-0.739,-0.691,-0.059
-0.739,-0.689,-0.059
-0.752,-0.677,-0.055
-0.748,-0.689,-0.056
-0.746,-0.686,-0.055
-0.746,-0.683,-0.055
-0.745,-0.684,-0.055
-0.745,-0.685,-0.055
-0.743,-0.688,-0.056
-0.744,-0.681,-0.054
-0.747,-0.682,-0.055
-0.747,-0.690,-0.057
-0.747,-0.692,-0.059
-0.744,-0.687,-0.059
-0.739,-0.680,-0.060
-0.742,-0.682,-0.065
-0.735,-0.681,-0.042
-0.747,-0.691,-0.056
-0.749,-0.685,-0.057
-0.746,-0.685,-0.059
-0.737,-0.696,-0.055
-0.740,-0.688,-0.057
-0.743,-0.680,-0.057
-0.746,-0.678,-0.059
-0.752,-0.684,-0.060
-0.746,-0.686,-0.057
-0.746,-0.682,-0.051
-0.747,-0.684,-0.056
-0.748,-0.685,-0.058
-0.744,-0.688,-0.052
-0.741,-0.687,-0.055
-0.741,-0.691,-0.054
-0.745,-0.686,-0.053
-0.747,-0.689,-0.057
-0.749,-0.684,-0.054
-0.741,-0.688,-0.060
-0.745,-0.688,-0.058
-0.744,-0.686,-0.059
-0.743,-0.685,-0.058
-0.744,-0.683,-0.057
-0.744,-0.683,-0.055
-0.742,-0.684,-0.058
-0.745,-0.687,-0.056
-0.744,-0.687,-0.054
-0.743,-0.688,-0.051
-0.742,-0.686,-0.053
-0.744,-0.687,-0.052
-0.746,-0.687,-0.056
-0.742,-0.685,-0.053
-0.743,-0.687,-0.054
-0.745,-0.689,-0.056
-0.746,-0.686,-0.054
-0.743,-0.686,-0.056
-0.742,-0.686,-0.056
-0.744,-0.687,-0.058
-0.741,-0.685,-0.058
-0.742,-0.686,-0.056
-0.744,-0.683,-0.056
-0.744,-0.686,-0.057
-0.741,-0.691,-0.054
-0.746,-0.687,-0.051
-0.747,-0.686,-0.054
-0.747,-0.683,-0.055
-0.742,-0.681,-0.059
-0.747,-0.682,-0.054
-0.747,-0.689,-0.058
-0.746,-0.686,-0.052
-0.748,-0.691,-0.051
-0.748,-0.682,-0.046
-0.748,-0.681,-0.048
-0.746,-0.683,-0.052
-0.747,-0.683,-0.052
-0.749,-0.682,-0.055
-0.746,-0.682,-0.057
-0.740,-0.690,-0.065
-0.685,-0.791,-0.294
-0.750,-0.642,0.144
-0.737,-0.701,-0.064
-0.736,-0.679,-0.065
-0.752,-0.675,-0.069
-0.743,-0.677,-0.060
-0.749,-0.684,-0.067
-0.740,-0.686,-0.064
-0.750,-0.681,-0.059
-0.750,-0.682,-0.059
-0.747,-0.684,-0.061
-0.743,-0.690,-0.063
-0.743,-0.691,-0.059
-0.745,-0.686,-0.059
-0.745,-0.679,-0.060
-0.748,-0.681,-0.060
-0.746,-0.684,-0.063
-0.748,-0.691,-0.062
-0.746,-0.687,-0.058
-0.746,-0.685,-0.060
-0.742,-0.686,-0.062
-0.739,-0.686,-0.063
-0.743,-0.683,-0.064
-0.743,-0.684,-0.062
-0.745,-0.685,-0.061
-0.746,-0.687,-0.060
-0.746,-0.687,-0.060
-0.741,-0.688,-0.060
-0.745,-0.687,-0.058
-0.745,-0.684,-0.058
-0.743,-0.686,-0.061
-0.744,-0.684,-0.059
-0.743,-0.689,-0.061
-0.744,-0.686,-0.061
-0.745,-0.687,-0.060
-0.744,-0.686,-0.061
-0.743,-0.686,-0.060
-0.743,-0.687,-0.059
-0.746,-0.686,-0.059
-0.742,-0.687,-0.058
-0.743,-0.688,-0.057
-0.741,-0.686,-0.059
-0.744,-0.686,-0.060
-0.740,-0.689,-0.062
-0.744,-0.687,-0.064
-0.746,-0.687,-0.059
-0.743,-0.685,-0.061
-0.741,-0.684,-0.059
-0.741,-0.684,-0.061
-0.743,-0.684,-0.059
-0.741,-0.687,-0.059
-0.743,-0.684,-0.060
-0.745,-0.684,-0.057
-0.745,-0.687,-0.057
-0.655,-0.680,0.009
-0.787,-0.711,-0.059
-0.748,-0.681,-0.075
-0.746,-0.683,-0.067
-0.739,-0.679,-0.053
-0.758,-0.686,-0.027
-0.756,-0.701,-0.167
-0.754,-0.709,-0.027
-0.750,-0.668,-0.070
-0.741,-0.680,-0.062
-0.742,-0.689,-0.049
-0.740,-0.687,-0.055
-0.746,-0.682,-0.061
-0.748,-0.685,-0.063
-0.741,-0.689,-0.064
-0.738,-0.691,-0.061
-0.741,-0.690,-0.060
-0.740,-0.683,-0.058
-0.742,-0.681,-0.057
-0.746,-0.683,-0.061
-0.747,-0.688,-0.057
-0.746,-0.689,-0.060
-0.742,-0.687,-0.062
-0.742,-0.687,-0.060
-0.743,-0.684,-0.059
-0.740,-0.686,-0.059
-0.742,-0.683,-0.059
-0.743,-0.690,-0.060
-0.741,-0.688,-0.060
-0.745,-0.691,-0.057
-0.743,-0.686,-0.061
-0.743,-0.681,-0.056
-0.746,-0.681,-0.058
-0.744,-0.685,-0.061
-0.745,-0.688,-0.061
-0.740,-0.689,-0.060
-0.744,-0.684,-0.060
-0.744,-0.684,-0.061
-0.743,-0.687,-0.058
-0.741,-0.687,-0.057
-0.744,-0.686,-0.057
-0.746,-0.684,-0.055
-0.744,-0.685,-0.060
-0.744,-0.688,-0.057
-0.745,-0.686,-0.058
-0.742,-0.686,-0.058
-0.741,-0.689,-0.056
-0.743,-0.686,-0.059
-0.744,-0.686,-0.057
-0.742,-0.686,-0.055
-0.744,-0.684,-0.056
-0.746,-0.683,-0.058
-0.745,-0.684,-0.058
-0.740,-0.686,-0.059
-0.743,-0.687,-0.055
-0.745,-0.687,-0.056
-0.744,-0.684,-0.056
-0.743,-0.688,-0.056
-0.743,-0.687,-0.055
-0.743,-0.690,-0.057
-0.747,-0.688,-0.058
-0.747,-0.688,-0.056
-0.743,-0.686,-0.059
-0.744,-0.688,-0.056
-0.743,-0.689,-0.057
-0.744,-0.695,-0.052
-0.747,-0.684,-0.049
-0.742,-0.682,-0.055
-0.747,-0.687,-0.061
-0.745,-0.693,-0.057
-0.741,-0.690,-0.055
-0.740,-0.684,-0.051
-0.739,-0.684,-0.053
-0.742,-0.681,-0.053
-0.743,-0.684,-0.055
-0.742,-0.689,-0.055
-0.739,-0.690,-0.058
-0.742,-0.688,-0.058
-0.740,-0.689,-0.057
-0.742,-0.688,-0.057
-0.743,-0.691,-0.057
-0.743,-0.688,-0.058
-0.745,-0.688,-0.056
-0.745,-0.685,-0.052
-0.746,-0.688,-0.053
-0.745,-0.687,-0.053
-0.743,-0.688,-0.051
-0.740,-0.688,-0.052
-0.738,-0.690,-0.060
-0.740,-0.690,-0.061
-0.741,-0.690,-0.061
-0.741,-0.687,-0.059
-0.744,-0.689,-0.057
-0.741,-0.686,-0.055
-0.742,-0.687,-0.057
-0.744,-0.685,-0.056
-0.744,-0.688,-0.054
-0.743,-0.691,-0.054
-0.739,-0.688,-0.054
-0.741,-0.689,-0.055
-0.742,-0.688,-0.055
-0.741,-0.689,-0.054
-0.744,-0.687,-0.057
-0.744,-0.686,-0.055
-0.744,-0.687,-0.056
-0.741,-0.690,-0.061
-0.740,-0.689,-0.057
-0.744,-0.689,-0.058
-0.741,-0.685,-0.055
-0.744,-0.686,-0.056
-0.742,-0.687,-0.059
-0.740,-0.687,-0.060
-0.741,-0.688,-0.056
-0.740,-0.687,-0.058
-0.741,-0.687,-0.056
-0.743,-0.689,-0.057
-0.741,-0.687,-0.060
-0.744,-0.690,-0.057
-0.747,-0.689,-0.052
-0.745,-0.692,-0.052
-0.745,-0.689,-0.051
-0.743,-0.689,-0.048
-0.744,-0.686,-0.052
-0.743,-0.690,-0.057
-0.734,-0.691,-0.060
-0.735,-0.691,-0.060
-0.737,-0.689,-0.057
-0.740,-0.687,-0.060
-0.739,-0.691,-0.059
-0.737,-0.687,-0.056
-0.745,-0.691,-0.062
-0.744,-0.687,-0.057
-0.743,-0.687,-0.057
-0.743,-0.688,-0.055
-0.743,-0.689,-0.053
-0.742,-0.691,-0.052
-0.742,-0.690,-0.051
-0.739,-0.690,-0.054
-0.740,-0.689,-0.053
-0.738,-0.692,-0.055
-0.740,-0.691,-0.056
-0.741,-0.691,-0.056
-0.740,-0.689,-0.059
-0.739,-0.687,-0.058
-0.742,-0.688,-0.056
-0.736,-0.690,-0.058
-0.737,-0.691,-0.058
-0.739,-0.689,-0.060
-0.739,-0.690,-0.058
-0.742,-0.689,-0.059
-0.746,-0.689,-0.058
-0.740,-0.689,-0.058
-0.742,-0.690,-0.057
-0.739,-0.689,-0.054
-0.744,-0.687,-0.055
-0.745,-0.689,-0.053
-0.742,-0.688,-0.053
-0.741,-0.687,-0.058
-0.741,-0.691,-0.058
-0.740,-0.693,-0.060
-0.739,-0.692,-0.062
-0.741,-0.690,-0.061
-0.741,-0.688,-0.059
-0.740,-0.688,-0.061
-0.740,-0.688,-0.061
-0.740,-0.691,-0.059
-0.742,-0.689,-0.059
-0.743,-0.689,-0.056
-0.742,-0.689,-0.053
-0.741,-0.688,-0.057
-0.739,-0.691,-0.055
-0.738,-0.689,-0.056
-0.740,-0.689,-0.060
-0.740,-0.689,-0.059
-0.740,-0.688,-0.059
-0.742,-0.690,-0.056
-0.742,-0.687,-0.059
-0.742,-0.689,-0.058
-0.740,-0.687,-0.059
-0.739,-0.689,-0.061
-0.738,-0.689,-0.060
-0.741,-0.689,-0.058
-0.746,-0.690,-0.058
-0.747,-0.690,-0.058
-0.740,-0.690,-0.055
-0.741,-0.690,-0.058
-0.743,-0.692,-0.057
-0.741,-0.689,-0.056
-0.742,-0.688,-0.058
-0.743,-0.687,-0.059
-0.743,-0.688,-0.059
-0.738,-0.692,-0.058
-0.740,-0.689,-0.057
-0.743,-0.688,-0.058
-0.737,-0.687,-0.059
-0.739,-0.688,-0.057
-0.740,-0.688,-0.060
-0.740,-0.689,-0.059
-0.742,-0.690,-0.057
-0.741,-0.690,-0.059
-0.740,-0.688,-0.059
-0.741,-0.688,-0.057
-0.741,-0.687,-0.058
-0.740,-0.689,-0.056
-0.744,-0.689,-0.055
-0.741,-0.689,-0.057
-0.739,-0.689,-0.056
-0.739,-0.689,-0.056
-0.742,-0.690,-0.057
-0.741,-0.687,-0.057
-0.740,-0.689,-0.057
-0.741,-0.687,-0.060
-0.741,-0.692,-0.055
-0.738,-0.690,-0.058
-0.740,-0.689,-0.059
-0.742,-0.689,-0.058
-0.741,-0.691,-0.059
-0.740,-0.689,-0.057
-0.736,-0.688,-0.055
-0.741,-0.691,-0.054
-0.743,-0.690,-0.055
-0.744,-0.690,-0.056
-0.739,-0.688,-0.057
-0.738,-0.687,-0.059
-0.739,-0.690,-0.056
-0.744,-0.690,-0.056
-0.740,-0.690,-0.057
-0.742,-0.687,-0.055
-0.742,-0.691,-0.057
-0.741,-0.689,-0.057
-0.738,-0.691,-0.056
-0.740,-0.689,-0.056
-0.742,-0.687,-0.057
-0.740,-0.689,-0.055
-0.742,-0.688,-0.058
-0.743,-0.690,-0.058
-0.741,-0.688,-0.056
-0.741,-0.690,-0.055
-0.743,-0.689,-0.055
-0.741,-0.689,-0.055
-0.742,-0.690,-0.052
-0.742,-0.689,-0.054
-0.740,-0.689,-0.056
-0.740,-0.690,-0.054
-0.739,-0.690,-0.055
-0.738,-0.691,-0.055
-0.739,-0.687,-0.054
-0.742,-0.690,-0.055
-0.739,-0.690,-0.054
-0.741,-0.691,-0.056
-0.742,-0.691,-0.056
-0.741,-0.688,-0.055
-0.743,-0.689,-0.054
-0.739,-0.689,-0.053
-0.741,-0.688,-0.054
-0.741,-0.691,-0.054
-0.740,-0.690,-0.055
-0.738,-0.689,-0.055
-0.742,-0.690,-0.053
-0.740,-0.689,-0.055
-0.744,-0.687,-0.055
-0.743,-0.691,-0.059
-0.741,-0.688,-0.056
-0.742,-0.689,-0.056
-0.738,-0.689,-0.054
-0.742,-0.691,-0.056
-0.740,-0.689,-0.053
-0.739,-0.688,-0.053
-0.741,-0.689,-0.058
-0.742,-0.690,-0.054
-0.741,-0.690,-0.056
-0.742,-0.689,-0.058
-0.740,-0.687,-0.057
-0.743,-0.692,-0.055
-0.743,-0.687,-0.056
-0.742,-0.686,-0.052
-0.739,-0.687,-0.056
-0.741,-0.689,-0.056
-0.740,-0.691,-0.057
-0.739,-0.692,-0.057
-0.741,-0.692,-0.057
-0.738,-0.691,-0.056
-0.739,-0.691,-0.056
-0.740,-0.690,-0.055
-0.738,-0.689,-0.056
-0.740,-0.690,-0.056
-0.743,-0.686,-0.057
-0.740,-0.687,-0.057
-0.740,-0.689,-0.058
-0.743,-0.690,-0.056
-0.743,-0.691,-0.057
-0.742,-0.689,-0.055
-0.741,-0.688,-0.056
-0.741,-0.689,-0.055
-0.741,-0.689,-0.058
-0.742,-0.688,-0.058
-0.739,-0.689,-0.060
-0.740,-0.689,-0.059
-0.742,-0.687,-0.058
-0.740,-0.687,-0.058
-0.740,-0.690,-0.058
-0.741,-0.689,-0.057
-0.741,-0.690,-0.058
-0.741,-0.691,-0.058
-0.741,-0.691,-0.059
-0.743,-0.693,-0.059
-0.742,-0.691,-0.058
-0.742,-0.689,-0.056
-0.742,-0.690,-0.055
-0.741,-0.687,-0.057
-0.738,-0.691,-0.057
-0.737,-0.691,-0.057
-0.741,-0.689,-0.057
-0.741,-0.686,-0.056
-0.743,-0.689,-0.057
-0.743,-0.688,-0.059
-0.743,-0.689,-0.055
-0.738,-0.688,-0.057
-0.739,-0.687,-0.057
-0.739,-0.689,-0.056
-0.741,-0.689,-0.055
-0.741,-0.690,-0.056
-0.741,-0.689,-0.056
-0.742,-0.685,-0.058
-0.741,-0.688,-0.058
-0.743,-0.688,-0.055
-0.742,-0.689,-0.056
-0.742,-0.688,-0.057
-0.740,-0.689,-0.057
-0.744,-0.688,-0.057
-0.741,-0.689,-0.056
-0.739,-0.691,-0.057
-0.742,-0.688,-0.057
-0.741,-0.689,-0.058
-0.741,-0.688,-0.059
-0.740,-0.688,-0.061
-0.742,-0.687,-0.058
-0.744,-0.690,-0.060
-0.741,-0.686,-0.058
-0.741,-0.688,-0.061
-0.742,-0.690,-0.059
-0.741,-0.689,-0.058
-0.743,-0.690,-0.056
-0.742,-0.689,-0.058
-0.742,-0.688,-0.058
-0.742,-0.689,-0.056
-0.741,-0.688,-0.057
-0.740,-0.688,-0.056
-0.742,-0.689,-0.057
-0.741,-0.689,-0.057
-0.742,-0.686,-0.059
-0.740,-0.688,-0.059
-0.742,-0.690,-0.058
-0.740,-0.688,-0.058
-0.740,-0.689,-0.059
-0.740,-0.689,-0.059
-0.739,-0.691,-0.058
-0.743,-0.689,-0.057
-0.738,-0.687,-0.057
-0.741,-0.687,-0.057
-0.742,-0.686,-0.057
-0.744,-0.689,-0.059
-0.741,-0.689,-0.058
-0.740,-0.689,-0.060
-0.743,-0.689,-0.058
-0.743,-0.689,-0.058
-0.743,-0.688,-0.057
-0.739,-0.688,-0.060
-0.740,-0.690,-0.061
-0.739,-0.688,-0.061
-0.741,-0.689,-0.060
-0.737,-0.686,-0.059
-0.740,-0.686,-0.059
-0.741,-0.689,-0.059
-0.744,-0.688,-0.058
-0.741,-0.689,-0.058
-0.741,-0.688,-0.054
-0.743,-0.687,-0.056
-0.743,-0.685,-0.055
-0.744,-0.687,-0.058
-0.745,-0.684,-0.060
-0.749,-0.680,-0.062
-0.747,-0.683,-0.062
-0.744,-0.685,-0.062
-0.739,-0.687,-0.062
-0.739,-0.692,-0.061
-0.738,-0.692,-0.061
-0.737,-0.691,-0.061
-0.741,-0.682,-0.057
-0.746,-0.688,-0.058
-0.742,-0.690,-0.057
-0.745,-0.693,-0.055
-0.742,-0.691,-0.051
-0.742,-0.689,-0.051
-0.745,-0.686,-0.047
-0.742,-0.685,-0.050
-0.749,-0.686,-0.053
-0.751,-0.686,-0.058
-0.743,-0.680,-0.057
-0.741,-0.685,-0.055
-0.742,-0.680,-0.067
-0.748,-0.678,-0.064
-0.746,-0.678,-0.070
-0.741,-0.683,-0.070
-0.734,-0.686,-0.072
-0.735,-0.686,-0.068
-0.733,-0.685,-0.068
-0.742,-0.682,-0.064
-0.747,-0.678,-0.064
-0.749,-0.683,-0.063
-0.749,-0.684,-0.053
-0.748,-0.684,-0.054
-0.750,-0.685,-0.052
-0.746,-0.685,-0.048
-0.745,-0.685,-0.052
-0.746,-0.683,-0.048
-0.747,-0.692,-0.049
-0.750,-0.694,-0.051
-0.747,-0.691,-0.052
-0.742,-0.681,-0.058
-0.741,-0.681,-0.057
-0.743,-0.685,-0.059
-0.741,-0.691,-0.058
-0.737,-0.688,-0.059
-0.739,-0.689,-0.060
-0.740,-0.689,-0.056
-0.740,-0.689,-0.057
-0.740,-0.687,-0.058
-0.738,-0.685,-0.056
-0.738,-0.684,-0.056
-0.741,-0.686,-0.055
-0.746,-0.687,-0.057
-0.743,-0.687,-0.055
-0.746,-0.688,-0.055
-0.746,-0.687,-0.053
-0.743,-0.688,-0.054
-0.742,-0.685,-0.053
-0.742,-0.687,-0.054
-0.743,-0.686,-0.055
-0.743,-0.689,-0.055
-0.741,-0.687,-0.056
-0.742,-0.688,-0.055
-0.744,-0.690,-0.056
-0.741,-0.687,-0.054
-0.743,-0.687,-0.056
-0.740,-0.689,-0.057
-0.740,-0.688,-0.057
-0.742,-0.689,-0.057
-0.742,-0.686,-0.056
-0.743,-0.689,-0.057
-0.744,-0.690,-0.058
-0.747,-0.691,-0.061
-0.738,-0.679,-0.052
-0.745,-0.688,-0.058
-0.743,-0.686,-0.057
-0.744,-0.689,-0.056
-0.747,-0.690,-0.060
-0.739,-0.684,-0.056
-0.742,-0.686,-0.058
-0.741,-0.689,-0.059
-0.739,-0.694,-0.056
-0.742,-0.686,-0.056
-0.743,-0.686,-0.058
-0.741,-0.686,-0.057
-0.742,-0.691,-0.055
-0.742,-0.690,-0.056
-0.740,-0.688,-0.056
-0.742,-0.687,-0.057
-0.742,-0.686,-0.055
-0.746,-0.691,-0.058
-0.746,-0.687,-0.055
-0.745,-0.687,-0.057
-0.744,-0.687,-0.056
-0.740,-0.686,-0.057
-0.739,-0.688,-0.054
-0.743,-0.686,-0.056
-0.742,-0.688,-0.058
-0.741,-0.687,-0.058
-0.742,-0.687,-0.059
-0.743,-0.687,-0.057
-0.744,-0.685,-0.058
-0.744,-0.689,-0.055
-0.743,-0.688,-0.054
-0.739,-0.687,-0.054
-0.740,-0.690,-0.054
-0.742,-0.688,-0.056
-0.743,-0.688,-0.054
-0.741,-0.689,-0.055
-0.742,-0.687,-0.057
-0.742,-0.686,-0.056
-0.739,-0.688,-0.059
-0.742,-0.687,-0.057
-0.744,-0.689,-0.056
-0.740,-0.689,-0.058
-0.743,-0.689,-0.054
-0.740,-0.688,-0.055
-0.742,-0.684,-0.055
-0.744,-0.688,-0.058
-0.743,-0.690,-0.057
-0.742,-0.687,-0.060
-0.743,-0.687,-0.057
-0.742,-0.688,-0.055
-0.745,-0.683,-0.057
-0.747,-0.681,-0.056
-0.748,-0.682,-0.051
-0.746,-0.682,-0.053
-0.743,-0.691,-0.056
-0.732,-0.691,-0.060
-0.725,-0.683,-0.055
-0.734,-0.688,-0.073
-0.732,-0.703,-0.081
-0.741,-0.716,-0.080
-0.725,-0.716,-0.071
-0.739,-0.697,-0.061
-0.739,-0.689,-0.065
-0.741,-0.692,-0.060
-0.741,-0.698,-0.059
-0.739,-0.698,-0.056
-0.732,-0.695,-0.055
-0.736,-0.694,-0.058
-0.732,-0.692,-0.054
